{
  "meta_title": "Moda Feminina feita para você!",
  "meta_description": "",
  "sections": [
    {
      "type": "banner-slider",
      "autoplay": 9000,
      "full_width": true,
      "slides": [
        {
          "start": "",
          "end": "",
          "img": "/img/uploads/frasee.png"
        },
        {
          "start": "",
          "end": "",
          "img": "/img/uploads/motoboy.png"
        },
        {
          "start": "",
          "end": "",
          "img": "/img/uploads/copia-de-carla-rodrigues.png"
        }
      ]
    },
    {
      "type": "dynamic-showcase",
      "load_more": true,
      "sort": "news"
    }
  ]
}